API Name,Description,Threat Level
android.content.BroadcastReceiver->abortBroadcast(),Abort the broadcast,9
android.content.pm.PackageManager->getInstalledApplications(),Gets applications installed on the device,6
android.content.pm.PackageManager->getInstalledPackages(),Gets packages installed on the device,6
android.hardware.Camera->open(),Open camera,7
android.hardware.Camera->takePicture(),Takes picture,7
android.location.LocationManager->getLastKnownLocation(),Gets geographic location,7
android.media.AudioRecord->startRecording(),Records audio,7
android.net.http.AndroidHttpClient->execute(),Executes a Internet request,6
android.os.PowerManager->reboot(),Reboot the device,6
android.telephony.gsm.SmsManager->sendDataMessage(),Sends a data based SMS,10
android.telephony.gsm.SmsManager->sendMultipartTextMessage(),Sends a multi-part text based SMS,10
android.telephony.gsm.SmsManager->sendTextMessage(),Sends a text based SMS,10
android.telephony.SmsManager->sendDataMessage(),Sends a data based SMS,10
android.telephony.SmsManager->sendMultipartTextMessage(),Sends a multi-part text based SMS,10
android.telephony.SmsManager->sendTextMessage(),Sends a text based SMS,10
android.telephony.TelephonyManager->getCellLocation(),Gets the current location of the device,7
android.telephony.TelephonyManager->getDeviceId(),"Gets the unique device ID, IMEI for GSM and MEID for ESN or ESN for CDMA phones",7
android.telephony.TelephonyManager->getLine1Number(),Gets the phone number string for line 1,7
android.telephony.TelephonyManager->getNetworkCountryIso(),Gets the ISO country code equivalent of the current registered operator's MCC,7
android.telephony.TelephonyManager->getNetworkOperator(),Gets the numeric name (MCC+MNC) of current registered operator,7
android.telephony.TelephonyManager->getNetworkOperatorName(),Gets the alphabetic name of current registered operator,7
android.telephony.TelephonyManager->getSimCountryIso(),Gets the ISO country code equivalent for the SIM provider's country code,7
android.telephony.TelephonyManager->getSimOperator(),Gets the MCC+MNC of the provider of the SIM,7
android.telephony.TelephonyManager->getSimOperatorName(),Gets the Service Provider Name(SPN),7
android.telephony.TelephonyManager->getSimSerialNumber(),Gets the serial number of SIM,7
com.google.android.gms.location.LocationClient->getLastLocation(),Gets geographic location,7
dalvik.system.DexClassLoader->loadClass(),Loads code dynamically,6
java.lang.reflect.Method->invoke(),Utilizes Java reflection,5
java.lang.Runtime->exec(),Executes shell code,6
java.lang.Runtime->load(),Loads and links the dynamic library,5
java.lang.System->load(),Loads and links the dynamic library,5
java.lang.System->loadLibrary(),Loads and links the dynamic library,5
java.net.URL->openConnection(),Connects to the Internet,6
javax.crypto.Cipher->doFinal(),Encrypt or Decrypt data,5
org.apache.http.impl.client.DefaultHttpClient->execute(),Executes a Internet request,6
