android.permission.ACCESS_CHECKIN_PROPERTIES,访问登记属性
android.permission.ACCESS_COARSE_LOCATION,获取错略位置
android.permission.ACCESS_FINE_LOCATION,获取精确位置
android.permission.ACCESS_LOCATION_EXTRA_COMMANDS,访问定位额外命令
android.permission.ACCESS_MOCK_LOCATION,获取模拟定位信息
android.permission.ACCESS_NETWORK_STATE,获取网络状态
android.permission.ACCESS_SURFACE_FLINGER,访问Surface Flinger
android.permission.ACCESS_WIFI_STATE,获取WiFi状态
android.permission.ACCOUNT_MANAGER,账户管理
android.permission.ADD_VOICEMAIL,允许应用程序添加系统中的语音邮件。
android.permission.AUTHENTICATE_ACCOUNTS,验证账户
android.permission.BATTERY_STATS,电量统计
android.permission.BIND_ACCESSIBILITY_SERVICE,绑定辅助服务
android.permission.BIND_APPWIDGET,绑定小插件
android.permission.BIND_DEVICE_ADMIN,绑定设备管理
android.permission.BIND_INPUT_METHOD ,绑定输入法
android.permission.BIND_NFC_SERVICE,绑定NFC服务
android.permission.BIND_NOTIFICATION_LISTENER_SERVICE,绑定通知监听服务
android.permission.BIND_PRINT_SERVICE,绑定输出服务
android.permission.BIND_REMOTEVIEWS,绑定RemoteView
android.permission.BIND_TEXT_SERVICE,绑定文本服务
android.permission.BIND_VPN_SERVICE,绑定VPN服务
android.permission.BIND_WALLPAPER,绑定壁纸
android.permission.BLUETOOTH,使用蓝牙
android.permission.BLUETOOTH_ADMIN,蓝牙管理
android.permission.BLUETOOTH_PRIVILEGED,蓝牙使用权利
android.permission.BRICK,变成砖头
android.permission.BROADCAST_PACKAGE_REMOVED,应用删除时广播
android.permission.BROADCAST_SMS,收到短信时广播
android.permission.BROADCAST_STICKY,连续广播
android.permission.BROADCAST_WAP_PUSH,WAP PUSH广播
android.permission.CALL_PHONE,拨打电话
android.permission.CALL_PRIVILEGED,通话权限
android.permission.CAMERA,拍照权限
android.permission.CAPTURE_AUDIO_OUTPUT,捕获音频输出。
android.permission.CAPTURE_SECURE_VIDEO_OUTPUT,捕捉安全的视频输出。
android.permission.CAPTURE_VIDEO_OUTPUT,捕获视频输出
android.permission.CHANGE_COMPONENT_ENABLED_STATE,改变组件状态
android.permission.CHANGE_CONFIGURATION,改变配置
android.permission.CHANGE_NETWORK_STATE,改变网络状态
android.permission.CHANGE_WIFI_MULTICAST_STATE,改变WiFi多播状态
android.permission.CHANGE_WIFI_STATE,改变WiFi状态
android.permission.CLEAR_APP_CACHE,清除应用缓存
android.permission.CLEAR_APP_USER_DATA,清除用户数据
android.permission.CONTROL_LOCATION_UPDATES,控制定位更新
android.permission.DELETE_CACHE_FILES,删除缓存文件
android.permission.DELETE_PACKAGES,删除应用
android.permission.DEVICE_POWER,电源管理
android.permission.DIAGNOSTIC,应用诊断
android.permission.DISABLE_KEYGUARD,禁用键盘锁
android.permission.DUMP,转存系统信息
android.permission.EXPAND_STATUS_BAR,状态栏控制
android.permission.FACTORY_TEST,工厂测试模式
android.permission.FLASHLIGHT,使用闪光灯
android.permission.FORCE_BACK,强制后退
android.permission.GET_ACCOUNTS,访问账户Gmail列表
android.permission.GET_PACKAGE_SIZE,获取应用大小
android.permission.GET_TASKS,获取任务信息
android.permission.GET_TOP_ACTIVITY_INFO,获取当前顶级的ACTIVITY信息
android.permission.GLOBAL_SEARCH,允许全局搜索
android.permission.HARDWARE_TEST,硬件测试
android.permission.INJECT_EVENTS,注射事件
android.permission.INSTALL_LOCATION_PROVIDER,安装定位提供
android.permission.INSTALL_PACKAGES,安装应用程序
android.permission.INSTALL_SHORTCUT,安装快捷方式
android.permission.INTERNAL_SYSTEM_WINDOW,内部系统窗口
android.permission.INTERNET,访问网络
android.permission.KILL_BACKGROUND_PROCESSES,结束后台进程
android.permission.LOCATION_HARDWARE,定位硬件
android.permission.MANAGE_ACCOUNTS,管理账户
android.permission.MANAGE_APP_TOKENS,管理程序引用
android.permission.MANAGE_DOCUMENTS,管理文档
android.permission.MASTER_CLEAR,软格式化
android.permission.MEDIA_CONTENT_CONTROL,媒体内容控制
android.permission.MODIFY_AUDIO_SETTINGS,修改声音设置
android.permission.MODIFY_PHONE_STATE,修改电话状态
android.permission.MOUNT_FORMAT_FILESYSTEMS,格式化文件系统
android.permission.MOUNT_UNMOUNT_FILESYSTEMS,挂载文件系统
android.permission.NFC,允许NFC通讯
android.permission.PERSISTENT_ACTIVITY,永久Activity
android.permission.PROCESS_OUTGOING_CALLS,处理拨出电话
android.permission.READ_CALENDAR,读取日程提醒
android.permission.READ_CALL_LOG,读取通话记录
android.permission.READ_CONTACTS,读取联系人
android.permission.READ_EXTERNAL_STORAGE,读取外部存储
android.permission.READ_FRAME_BUFFER,屏幕截图
android.permission.READ_HISTORY_BOOKMARKS,读取历史书签
android.permission.READ_INPUT_STATE,读取输入状态
android.permission.READ_LOGS,读取系统日志
android.permission.READ_PHONE_STATE,读取电话状态
android.permission.READ_PROFILE,读取用户的个人配置文件数据
android.permission.READ_SMS,读取短信内容
android.permission.READ_SOCIAL_STREAM,读取社交流
android.permission.READ_SYNC_SETTINGS,读取同步设置
android.permission.READ_SYNC_STATS,读取同步状态
android.permission.READ_USER_DICTIONARY,读取用户字典
android.permission.REBOOT,重启设备
android.permission.RECEIVE_BOOT_COMPLETED,开机自动允许
android.permission.RECEIVE_MMS,接收彩信
android.permission.RECEIVE_SMS,接收短信
android.permission.RECEIVE_WAP_PUSH,接收Wap Push
android.permission.RECORD_AUDIO,录音
android.permission.REORDER_TASKS,排序系统任务
android.permission.RESTART_PACKAGES,结束系统任务
android.permission.SEND_RESPOND_VIA_MESSAGE,通过短信处理来电响应
android.permission.SEND_SMS,发送短信
android.permission.SET_ACTIVITY_WATCHER,设置Activity观察其
android.permission.SET_ALARM,设置闹铃
android.permission.SET_ALWAYS_FINISH,设置总是退出
android.permission.SET_ANIMATION_SCALE,设置动画缩放
android.permission.SET_DEBUG_APP,设置调试程序
android.permission.SET_ORIENTATION,设置屏幕方向
android.permission.SET_POINTER_SPEED,设置点击速度
android.permission.SET_PREFERRED_APPLICATIONS,设置应用参数
android.permission.SET_PROCESS_LIMIT,设置进程限制
android.permission.SET_TIME,设置系统时间
android.permission.SET_TIME_ZONE,设置系统时区
android.permission.SET_WALLPAPER,设置桌面壁纸
android.permission.SET_WALLPAPER_HINTS,设置壁纸建议
android.permission.SIGNAL_PERSISTENT_PROCESSES,发送永久进程信号
android.permission.STATUS_BAR,状态栏控制
android.permission.SUBSCRIBED_FEEDS_READ,访问订阅内容
android.permission.SUBSCRIBED_FEEDS_WRITE,写入订阅内容
android.permission.SYSTEM_ALERT_WINDOW,显示系统窗口
android.permission.TRANSMIT_IR,使用红外发射器
android.permission.UNINSTALL_SHORTCUT,卸载快捷方式
android.permission.UPDATE_DEVICE_STATS,更新设备状态
android.permission.USE_CREDENTIALS,使用证书
android.permission.USE_SIP,使用SIP视频
android.permission.VIBRATE,使用振动
android.permission.WAKE_LOCK,唤醒锁定
android.permission.WRITE_APN_SETTINGS,写入GPRS接入点设置
android.permission.WRITE_CALENDAR,写入日程提醒
android.permission.WRITE_CALL_LOG,写入通话记录
android.permission.WRITE_CONTACTS,写入联系人
android.permission.WRITE_EXTERNAL_STORAGE,写入外部存储
android.permission.WRITE_GSERVICES,写入Google地图数据
android.permission.WRITE_HISTORY_BOOKMARKS,写入历史书签
android.permission.WRITE_PROFILE,写入用户的个人配置文件数据
android.permission.WRITE_SECURE_SETTINGS,读写系统敏感设置
android.permission.WRITE_SETTINGS,读写系统设置
android.permission.WRITE_SMS,编写短信
android.permission.WRITE_SOCIAL_STREAM,写入社交流
android.permission.WRITE_SYNC_SETTINGS,写入在线同步设置
android.permission.WRITE_USER_DICTIONARY,写入用户字典
android.permission.ACCESS_SUPERUSER,获取root权限